Words,Word type,Zdetl,Meaning,
a.che,noun,A?E,"flour, usually made from legumes or nuts",
a.chie.ti,noun,A??TI,cooking oil,
Aúchit`zinútia,noun,A?ITZINT?,Navy,
abavnomaki,noun,ABAVNOMAKI,truck; lorry,
abradlnad,noun,A?A?NAD,money; credits,
abrr,noun,A??,surprise,
abrstia,noun,AB?ST?,The abrstia is an analogue of Terran chickens but with fibrous feathers which can be woven into cloth and is known from fossil records and genetic studies to be a native Zhdant life form.,
achablr,noun,A?A??,medicine  ,
achablrshanj ,noun,A?A???RANJ,medicine cabinet,
achan,noun,A?AN,hour,
achane,adv,A?ANE,"still, yet, currently",
achatlia,adj,A?A??,short,
achazhatli,noun,A??A?I,"reeds, pond grass",
achiakia,noun,A?AK?,jacket; waistcoat,
achitsle',verb,A?I?LE',to collide,
Achitzi,noun,A?ITZI,Space,
achtalili,noun,A?TALILI,pond,
Achte',verb,A?TE',to be suspicious,
adr,noun,AD?,grasp,
Adrablsish,noun,A?A?SI?,Pliebr's innermost satellite in the Zhdant system (orbit 0).,
adre',verb,A?E',"to grasp, by force",
adrnad,noun,AD?NAD,"grasper, a person who is greedy. Has come to apply to hoarders and miserly individuals.",
adrtletlvra,noun,AD??E?V?A,silent grasp. Also the name of an attack speeder.,
ai,prep.,AI,"to, unto",
ai`zhia,noun,AI'??,destination,
aichapa,adj,AI?APA,southward,
aifev,adj,AIFEV,westward,
aifevr,adj,AIFE?,leftward,
aijdel,adj,AIJDEL,rightward,
aimitl,adj,AIMI?,northward,
aineqsench,noun,AINEQSEN?,alcove,
aisejd,adj,AISEJD,eastward,
aizintla,adj,AIZIN?A,downward,
akala,noun,AKALA,pool,
akatl,noun,AKA?,the band worn by dlenchiepr,
akatzlivr,noun,AKATZLI?,"marshland, swamp",
akatzmali,noun,AKATZMALI,"marsh grasses, reeds",
akimate',verb,AKIMATE',"to know, as in knowledge",
akom,prep.,AKOM,"inside, within, in",
akopatlicha,noun,AKOPA?I?A,monorail; train,
akostial,noun,AKOST?L,tomorrow,
al,adj,AL,"of, when used to express a quantity of a specific item",
alekre',verb,ALE?E',to favor,
alir,prep.,ALIR,"outside, without, external to",
amanstial,noun,AMANST?L,today,
apaz,prep.,APAZ,in front of,
ashashtiablnefa,noun,A?A?T??NEFA,freezer (lit. very cold box),
ashkliazh,noun,A????,ice,
ashkliazhatl,noun,A????A?,ice cap,
ashtiabla,adj,A?T??A,cold,
ashtiablnefa,noun,A?T??NEFA,refrigerator (cold box),
Ashtiakochi,noun,A?T?KO?I,"Cold sleep, cryosleep",
Ataniebl,noun,ATAN??,"Harvest, the season on Zhdant to harvest mature crops.",
Atchafser,noun,AT?AFSER,"Waning, the season on Zhdant when the hot summer weather becomes temperate.",
Atkazdievl,noun,ATKAZD??,The first Psionic Games. Used to refer to the beginning of the Zhodani calendar.,
-atl,,-A?,comparative suffix,
atl'driej,noun,A?'??J,captain's chair/conn,
atlivr,noun,A?I?,"land, region",
atlotl,noun,A?O?,bird,
Atlteqozdij,noun,A?TEQOZDIJ,"A Triple Olympiad, or cycle of three Zhodani Olympiads, containing 2200 zhdanstial, or 2476.76 standard days",
Atlteqoziastial,noun,A?TEQOZ?ST?L,"Triple Olympiad Day, a holiday added immediately after every third Olympiad",
Atpaipr,noun,ATP??,"Thaw, the season on Zhdant of melting of winter ice and thawing of frozen ground",
Atrint,noun,A?INT,"Raining, the season on Zhdant associated with spring rains and the planting of crops.",
Atshtiavl,noun,AT?T??,"Chill, the freezing winter season on Zhdant.",
ayoaka,adj,AYOAKA,pleasant,
ayochak,adj,AYO?AK,difficult,
ayoqik,adj,AYOQIK,nevermore,
azhi,adj,A?I,again,
azhiatli,noun,A???,reptile,
baz,noun,BAZ,barbarian. Often used in a derogatory sense to refer to Imperials.,
bazi,noun,BAZI,last,
bense ,noun,BENSE,pipe,
bialololi,noun,B?LOLOLI,billiard ball,
bialzhdesh,noun,B?L?E?,billiard cue,
bialziatl,noun,B?LZ??,Billiard Table,
bira,noun,BIRA,Cargo  ,
biradarchtabrtliel,noun,BIRADAR?TA???L,Cargo Loader,
birashieoapie',noun,BIRA??OAP?',Cargo Hold,
braz ,noun,?AZ,sink,
breia,noun,?E?,wing,
briepl,verb,???,to condemn,
brne',verb,B?NE',"to assemble, to gather",
brojeve',verb,?OJEVE',"to walk, stroll",
Brovlekal,noun,?O?EKAL,Pliebr's fifth satellite- a gas giant in the Zhdant system (orbit 4).,
chachia,adj,?A??,furry,
chacholita,adj,?A?OLITA,silly,
chak,noun,?AK,falsehood; can also mean 'no' depeding on context,
chakili,noun,?AKILI,toy,
chakilijem,noun,?AKILIJEM,toy car,
chakotl,noun,?AKO?,a six-legged squirrel-like creature,
chakr,noun,?A?,sand,
chakroqil,noun,?A?OQIL,sandworm,
chaktopka,adj,?AKTOPKA,unhealthy,
chalanzhie,noun,?ALAN??,Street ,
chalanzhivazhdi,noun,?ALAN?IVA?I,Streetlight,
chali,noun,?ALI,"middle part, center",
chamakichoia,,?AMAKI?O?,don't worry,
chami,noun,?AMI,face,
chaoqia,adj,?AOQ?,"cozy, snug",
chapa,noun,?APA,south,
chapani,noun,?APANI,morning,
chapatl,noun,?APA?,south pole,
chapra,conj.,?A?A,conditional nor; when neither of two conditions are true,
chatlanekantik,noun,?A?ANEKANTIK,incredulous; unbelieving,
chayolitle',verb,?AYOLI?E',to lack the opportunity,
chechicheli,noun,?E?I?ELI,"a large, pulpy fruit from a plant that grows along riverbanks. It has a leathery husk surrounding a sweet interior. The seeds are toxic to most native fauna and induce vomiting, diarrhea, and death. Zhodani, however, harvest the pulp and seeds, drying the latter to create a spicy powder used in many of their local dishes. Visitors who have tried it describe the experience as ?hellish.?",
chedl',noun,?E?,guardian,
chedle',verb,?E?E',to guard,
cheka,adj,?EKA,distant,
chekte',verb,?EKTE',to pack,
-cheli,suffix,-?ELI,"a suffix generically referring to curry dishes, but more commonly for any dish that specifically uses the spice from chechicheli",
chelie',verb,?EL?',to be able,
chepitzkatl,noun,?EPITZKA?,ghost; spirit,
cheyakia,noun,?E?K?,long coat,
cheztle',verb,?EZ?E',to fall,
chi,adj,?I,less,
chi-,prefix,?I-,gender-inclusive/exclusive prefix,
Chiadle,noun,???E,Zhodani megacorporation known for farm and factory machinery- robots and vehicles.,
chiakrzi,noun,???ZI,sandstorm,
chial,noun,??L,one ,
chiatla,noun,???A,marsh,
chibo,noun,?IBO,"boots, shoes",
chienzatl,noun,??NZA?,"a hundred grams, abbreviated 'chz'",
chikakenmiztli,noun,?IKAKENMIZ?I,cat,
chikali,noun,?IKALI,"pre-dawn, early morning",
chikani,noun,?IKANI,dawn,
chikapale,noun,?IKAPALE,good morning; morning greetings,
chikiats ,noun,?IK??,splash,
chikiatse',verb,?IK??E',to splash,
chiktli,noun,?IK?I,compass; instrument for finding directions,
chilite',verb,?IK?E',"to play, to play with something",
chiloti,noun,?ILOTI,chair,
chilotl,noun,?ILO?,"a Zhodani ""pigeon""",
chinzhe',verb,?IN?E',"to merit, to surpass a standard",
chipanpale,noun,?IPANPALE,good morning; morning greetings (implies before dawn),
Chistial,noun,?IST?L,First day,
chitontli,noun,?ITON?I,foot,
chiyotl,noun,?IYO?,an electric shock,
cho,prep.,?O,"unto, as in ""to give (something) to (someone)",
choachatl,noun,?OA?A?,pole,
choachatl'miltotlia,noun,?OA?A?'MILTO??,pole dancer,
choazheqatzl,noun,?OA?EQATZL,fan,
choazoitli,noun,?OAZOI?I,shrub; bush; shrubbery,
choetzhe',verb,?OET?E',to laugh,
chokomatli,noun,?OKOMA?I,a six-legged arboreal herbivore native to the temperate forests of Zhdant and resembling a Terran squirrel,
chokotecho,noun,?OKOTE?O,bread,
chokte',verb,?OKTE',"to contain, to have",
cholitia,adj,?OLIT?,serious,
chope',verb,?OPE',to wash,
choqabr,noun,?OQA?,sister,
choqi,noun,?OQI,girl,
choqikali,noun,?OQIKALI,"fruit, in general",
choqzin,noun,?OQZIN,daughter,
choyan,noun,?O?N,Store; shop,
chrsh,noun,???,bottle,
chte',verb,?TE',to observe,
chten,noun,?TEN,  Zhodani year containing 244 zhdanstial equivalent to 274.7 standard days. Every third chten has one additional zhdanstial.,
chtiachi,noun,?T??I,park bench,
chtiepili,noun,?T?PILI,handbag,
chtierabl,noun,?T?RA?,  Consulate province consisting solely of Chtierabl sector- 250 parsecs coreward of Zhdant.,
chtika,noun,?TIK?,leak,
chtio,adj,?TIO,almost,
chto.i,noun,?TOI,pan,
chtochipotik,"noun, adj",?TO?IPOTIK,orangey pink,
chtofrechez ,noun,?TO?E?EZ,closet; wardrobe,
chtol,noun,?TOL,glow,
chtole',verb,?TOLE',to glow,
chtolmiqia,adj,?TOMIQIA,lost,
chtolmiqnad,noun,?TOMIQNAD,someone or something lost,
chtopiatlik,"noun, adj",?TOPIA?IK,orange,
chtopitsachtli,noun,?TOPITSA?TI,leg,
Dazhia,noun,DA??,Enterprise. A 2000-ton council cruiser is often assigned to Qlomdlabr members or their agents for special missions.,
de,pronoun,DE,we,
deo,adj,DEO,"our, ours",
deve',verb,DEVE',to be required to; must do,
dievl,noun,D??,Psionics,
dievldrekr,noun,D???E?,psionicologist,
dievlmachilipriaa,noun,D??MA?ILI??A,psionic testing room,
dievltsadl,noun,D???A?,the turban worn by nobility,
Divl Iadliavr,noun,DI? ????,Stellar farers. Official name for the Fifth Core Expedition.,
Dizh,noun,DI?,council,
Diziyanatl,noun,DIZIYANA?,  A famous Army lift infantry commander from the Second Frontier War; name of a Zhodani Grav AFV.,
Dlabre',noun,?A?E',to be related by function or purpose,
dlafl,prep.,?A?,beneath,
Dlemstiats Tsiaqr,noun,?EMST?? ???,  The asteroid belt in the Zhdant system (orbit 3).,
dlenchiepr,noun,?EN???,Intendant; a minor noble,
Dleqiats,noun,??Q??,The larger of Zhdant's two continents where prehistoric development of the Zhodani took place.,
Dleqiatsz,noun,??Q??Z,A native of Dleqiats.,
dlezhde',verb,?E?E',to armor,
dlezhdi,noun,?E?I,armor,
dlezhdokotzi,noun,?E?OKOTZI,shellfish,
Dlolpliki,noun,?OL?IKI,The modern capital of Zhdant,
Dlolprikl,noun,?O?I?,An ancient Zhodani city on Zhdant which served as the capital of the Viepchakliashtie Empire and in modern times is the capital of the Consulate.,
Dore',verb,DORE',to decree,
dra,,?A,"possessive ""of"", indicating possession of a thing or relation to a person (wife of, son of, etc)",
Draits,verb,?AI?,to land or arrive safely,
draits',verb,DRAITS',to arrive,
dranzh,noun,?AN?,sun,
Dranzhrin,noun,?AN?RIN,Sunbright. Dranzhrin is the Zhodani New Year and as a holiday falls between Atpaipr and Atrint.,
Dranzhrinach,noun,?AN?RINA?,Sunflight. Dranzhrinatch is a melancholy time for the commemoration of the dead taking place between Vrienstial and Atchafser.,
Dranzinqabr,noun,?ANZINQA?,The Zhodani development company that developed a working prototype of the jump drive.,
drej,noun,?EJ,seat,
Driant,noun,??NT,representative; 'one who represents'. The Zhodani title for a council member often translated 'Consul'.,
Driantia,noun,??NT?,representative government,
Driantia Zhdantia,noun,??NT? ?ANT?,Zhodani Consulate,
driefrabr,noun,???A?,brother,
driefri,noun,???I,boy,
driefrzin,noun,???ZIN,son,
drieftiki,noun,??FTIKI,baby boy,
driejtlazhdetsanad ,noun,??J?A?E?ANAD,sensor operator,
drik,noun,?IK,hatch,
Dzagtlas,noun,DZAQ?AS,The combined plagues which devastated Zhodani civilisation and left the Qiknavrats and Viepchaklts extinct.,
dzaq,adj,DZAQ,"a pejorative implying depravity, extreme disgust, or perversion, also used to imply a catastrophic event",
Dzaqtlas,noun,DZAQ?AS,the plague that caused the Second Dark Age,
Dzhajak,noun,D?AJAK,A large carrion-eating flying creature native to Zhdant.,
dzhayak,noun,D?A?K,"a large bird resembling a vulture, native to Zhdant",
e.naj,noun,ENAJ,degrees (for measuring temperature),
e.zhoz.ste',verb,E?OZSTE',to sautee',
Ebiajchi,noun,EB?J?I,viewport,
Echtovr,adj,E?TO?,ambitious,
-edl,,-E?,a group of,
edre,prep.,E?E,near,
eirieshid ,noun,EIR??ID,toast,
ek,conditional,EK,if,
ekeotsiatspriaa,noun,EKEO?????A,recreation room,
el,conj.,EL,"than, when used in comparisons",
elpaplatl,noun,ELPA?A?,shoulder,
Emkachdraf,noun,EMKA??AF,  Pliebr's sixth satellite a small airless world in the Zhdant system (orbit 6).,
epkoatla,adj,EPKOA?A,famous,
Erdriad Erdriap,noun,ER??D  ER??P,   'controller of controllers'. The Ancient artefact that controls the settings of the Erdriap Chensh.,
Erdriap Chensh,noun,ER??D  ?EN?,   'controller of wills'. The Ancient artefact that devastated the central subsectors of Zdiedeiant sector in the ƒ??5200s.,
Ese,noun,ESE,Ramp,
etli,adj,E?I,heavy,
etliyez,adj,E?IYEZ,heavier,
Evadutrats,noun,EVADO?ATS,  Unofficial term for the Chirpers found on Evaduts Brem (1909 Ziafrplians).,
ezhie',verb,E??',to visit,
fae,noun,FAE,name (of a person),
fanzhkenzh ,noun,FAN?KEN?,drain pipe,
fenjrivchiavr,noun,FENJRIV???,drawers; dresser,
fenre',verb,FENRE',to bring,
fev,,FEV,west,
fevr,adj,FE?,left,
fevranzh,noun,FEVRAN?,book,
Fevranzhtavr,noun,FEVRAN?TA?,   'the book of morality' the 'holy book' which governs the Tavrziansh philosophy.,
Fevranzhtavrchedl',noun,FEVRAN?TA??E?,   'guardians of the book' the small academic and secular organisation which governs the content of the Fevranzhtavr.,
Fevranzhvlastavr,noun,FEVRAN??AST??,   'the book of superior morality'. Revised version of the Fevranzhtavr used by the religious dictatorship on Batlpat (1326 Ziafrplians).,
Fienzhatshtiavl,noun,F?N?AT?S??,   'yonder chilling thought'. Phenomenon discovered by the Seventh Core Expedition.,
fierochia,adj,F?RO??,ugly; unattractive,
flel-,affix,?EL,affix meaing vile or depraved,
flela,adj,?ELA,bad,
Flietavrian,noun,??TA??N,  The goal of Tavrziansh union with Tavrian the universal energy field.,
Forzhan eshtejie,noun,FOR?AN E?TEJ?,Jolly Roger,
Forzhan vlezhdvevl,noun,FOR?AN ?E?VE?,Pirate/Corsair starship,
fronzh',verb,?ON?,to lay waste,
Fronzhatlivr,noun,?ON?A?I?,   'wasteland'. Refers to all territory coreward of the Consulate proper and includes the provinces of Obrefripl Chtierabl and Vlanchiets Qlom.,
frrz,noun,???,cup,
frrzokatli,noun,??ZOKA?I,bromeliad,
iabrensh,noun,?EN?,  Consulate province which includes Zdiedeiant and Stiatlchepr sectors.,
iaditsiek,noun,?DITS?K,spanner,
iadla ,noun,?DLA,sky,
iadlajem,noun,IADLAJEM,skycar,
iadlajemtiki,noun,IADLAJEMTIKI,compact sky car,
iadlayotl,noun,?DLAYO?,toy airplane,
iadr,adj,??,following; also used to refer to the galactic compass 'trailing'.,
iadr Nsobl,noun,?? NSO?,Consulate province which contains the Zhodani portions of Yiklerzdanzh  Afachtiabr (Far Frontiers) Iakr (Foreven) Briakqra' (Gvurrdon) Tloql (Spinward Marches) and all of Ziafrplians sector.,
iai,conj.,?I,but,
iakatzi,noun,?KATZI,tooth,
iakatzoli,noun,?KATZOLI,nose,
ianae',verb,?NAE',to hide,
iapali,"noun, adj",?PALI,black,
iaplamzejiap ,noun,??AMZEJ?P,"curtain, shade, privacy screen",
iaplatik,"noun, adj",?PLATIK,brown,
iarel,noun,?REL,"bus, ground transport",
iatlepcha,noun,??EP?A,countryside,
iavchieql,noun,?V???,Name of a class of Zhodani G-Carrier.,
iavle,noun,??E,bowls,
iazde,noun,??E,apple (the Zhodani version),
iazh,conj.,IA?,"conditional 'and', meaning both or all conditions are true",
Ibr Ajklia Driachobl,noun,I? AJ?? ???O?,Zhodani megacorporation known for computers and software.,
ibro,noun,I?O,egg,
ichaka,adj,I?AKA,large,
ichaki-,adj,I?AKI-,very large,
ichatlanqil,noun,I?A?ANQIL,"letters, ""alphabet""",
ichavri,adj,I?A?I,"very much, so much",
Ichfench,noun,I?FEN?,Zdetl term for the Ancients as a race or culture explicitly separate from modern Droyne and Chirpers.,
ichi,prep.,I?I,upon,
ichite',verb,I?ITE',to watch,
ichkotzik,"noun, adj",I?KOTZIK,light blue,
ichotlzdiaq,noun,I?O???Q,eye chart,
ichpa,adj,I?PA,young,
ichta,adj,I?TA,light (weight),
ichtintzaktli,noun,I?TINTZAK?I,speaker; loudspeaker,
ichtiota,adj,I?TIOTA,drunk,
ichtiozhie,noun,I?TIO??,path,
ichtipriaa,noun,I?TI??A,Galley/kitchen/eating room,
ichtlayoplita,adj,I??AYO?ITA,confused,
ichtotl,noun,I?TO?,eye,
ichtotlo,noun,I?TO?O,eyes,
ichtotzotik,"noun, adj",I?TOTZOTIK,light purple,
ie.lev.se',verb,?LEVSE',to roast,
Iebr,noun,??,conquest. Also the official name of the Third Core Expedition.,
iekacha,adj,?KA?A,long,
iekoe',verb,YEKOE',to intend (to do something),
iekta,adj,?KTA,good,
iektnamiqe,,?KTNAMIQE,"greeting; ""well met""",
ielize,adj,?LIZE,"possible, maybe",
ientschapo,noun,?NTS?APO,bacon,
iepri,prep.,??I,after,
ieta,adj,?TA,heavy,
ikatike',verb,IKATIKE^,to stand,
ikie',verb,IK?',to assemble (something),
ikotle',verb,IKO?E',to want something,
ilname',verb,ILNAME',to remember,
ininqenta,adj,ININQENTA,"thusly, so",
ininzhie,adj,ININ??,"there, that place",
io,prep.,IO,"""to"", into",
ioaka,adj,IOAKA,dry,
iokolitzo,noun,IOKOLITZO,notes,
iolatli,noun,IOLA?I,compass; an instrument for measuring angles and arcs,
iolichi,noun,IOLI?,friend,
iolitl,noun,IOLI?,opportunity,
iolotl,adj,IOLO?,easy,
iolotle,adv,IOLO?E,easily,
iolotle',verb,IOLO?E',to be easy,
iolotlia,adj,IOLO??,moods; emotions,
iomichto,adj,IOMI?TO,despondent,
iotliqi,noun,IO?IQI,sprout,
ipatle,adv,IPA?E',why? For what reason?,
iqe',verb,IQE^,to be,
iqenta,adv,IQENTA,how?,
iqinstial,noun,IQINST?L,yesterday,
itoe',verb,ITOE',to see ,
itzi,noun,ITZI,"house, home",
itzimne',verb,ITZIMNE',to receive (something),
itzmole',verb,ITZMOLE',"to look like, to seem",
ivr,noun,I?,land,
izhdiepriaa ,noun,I????A,Stateroom; cabin; bedroom,
izhie,adv,I??,where?,
izhtak,"noun, adj",I?TAK,white,
Jadlapriants,noun,JADLA??N?,Consulate province which includes the Zhdant and Tienspevnekr sectors. Jadlapriants includes both Zhdant (2719 Zhdant) and Addax (2214 Tienspevnekr)  along with the rest of the Addaxur Reservation.,
Jadse',verb,JADSE',to carry a message,
Jdatl,noun,JDA?,"range or extents, as in mountain ranges or forest extents.",
Jdatle',verb,JDA?E',to extend or wander,
jdel,adj,JDEL,right,
Jdeltepotli,noun,JDELTEPO?I,"eyeglasses, corrective lenses",
jdie',verb,JD?',to be born,
Jdiprzhdil,noun,JDI??IL,  A large Noble estate on Zhdant.,
Jdistebr,noun,JDISTE?,Well-born. Character with Social Standing of 12.,
jdo,adv,JDO,question indicator,
je ,prep.,JE,at,
jem,noun,JEM,car,
jiaple',verb,JIA?E',to find,
jiavr,noun,J??,benefit,
jiebl,noun,J??,herb  ,
jivrdre,noun,JI??E,belt,
kafi,noun,KAFI,coffee  ,
kalmeki,noun,KALMEKI,corridor,
Kaltenzhie,noun,KALTEN??,Sidewalk,
kamatli,,KAMA?I,"thank you, my thanks",
kamotik,"noun, adj",KAMOTIK,purple,
kamtoli,noun,KAMTOLI,A hardy tuber analogous to sweet potatoes.,
kanatli,noun,KANA?I,ducks,
kasha-,prefix,KA?A-,a container,
kashakotl,noun,KA?AKO?,teapot,
katile',verb,KA??',to need something,
katlake',verb,KA?AKE',to stay,
katzaptila,noun,KATZAPTILA,pick (sharp tool),
katzitlane',verb,KATZI?ANE^,to pull,
kavre',verb,KA?E',"to possess, to have",
kaye',verb,KAYE',to love,
kayotle,adj,KAYO?E,beautiful,
kaz,verb,KAZ,civilize. Also used as the opposite of 'baz.',
Kazdievlstial,noun,KAZD?VST?L,Harvest. A traditional harvest festival held between Ataniebl and Atshtiavl.,
ke,article,KE,"definite article ""the""",
ked,adj,KED,"port, as in the left side of the ship when facing forward",
kekela,adj,KEKELA,fun,
kekle',verb,KE?E',to have fun,
keklimoli,noun,KE?IMOLI,"a cluster fruit that grows in the forest canopy and has been compared to a combination of Terran bananas and papayas. Commonly used as a pureed base for soups, salsas, and curry dishes.",
kekliqiki,noun,KE?IQIKI,leisure; leisure time,
kemetle',verb,KEME?E',to create,
kemiltlatia,noun,KEMILT?A?,dress,
kenkache',verb,KENKA?E',to get ready,
kenkali,noun,KENKALI,family,
kenkalitzi,noun,KENLALITZI,household,
kentetl,,KENTE?,another,
ketli,noun,KE?I,snow,
Kia,noun,K?,Name of a common class of 50-ton heavy fighter in the Consular Navy.,
kiachti,noun,K??TI,six,
kiatl,verb,K??,to attack,
kiatlaze',verb,K??AZE',to rest,
Kiatlstial,noun,K??AST?L,Fifth day; Rest Day,
kiatok,noun,K?TOK,weather,
kiejo,noun,K?JO,"""kaiju"" - from ancient Terran videos of giant monsters",
kiloe',verb,KILOE',to write,
kiotchi,noun,KIOT?I,breast (of poultry),
Kitlali,noun,KI?ALI,Planet,
kizhats adr'ak,noun,KI?A? A?'AK,an insult referring to someone psionically strong but untrainable and dangerous,
kliamanali,noun,??MANALI,toy boat,
klianzhchapanbrrntepo,noun,??N??APAN??NTEPO,dew collector,
kliazh,noun,???,water,
kliazhatl,noun,???A?,ocean,
kliazhchapani,noun,????APANI,dew,
kliazheva,adj,???EVA,wet,
kliazheve',verb,???EVE',to become wet,
kliazheze',verb,???EZE',to make wet,
kliazhibense,noun,???IBEN?,faucet; tap,
kliazhirensh ,noun,???IREN?,shower,
kliazhkochini,noun,???KO?INI,waterfowl,
kliazhmili,noun,???MILI,A sessile carnivore that traps its prey by mimicking a pool of standing water,
kliazhyetl,noun,???YE?,sea,
kliazhyoli,noun,???YOLI,amphibians,
ko.ka.yo.te',verb,KOKAYOTE',"to serve, as in offer food to",
koachkali,noun,KOA?KI,Awning,
koalitia,adj,KOALITA,pleased,
koatl,noun,KOA?,head,
koatle',verb,KOA?E',to work,
koatli,noun,KOA?I,work,
kochie',verb,KO??',to sleep,
kochini,noun,KO?INI,plant,
kochka,noun,KO?KA,mattress or bed,
kochoe',verb,KO?OE',to enter,
kochyan,noun,KO??N,door,
koe,noun,KOE,eight,
koetsdievl,noun,KOE?D??,teleportation,
koetsdrnad,noun,KOE??NAD,a person trained in teleportation,
koetsie',verb,KOE??',to teleport,
kogegankia,adj,KOQEQANK?,sarcastic,
kokate',verb,KOKATE',to make music,
kokate ,adv,KOKATE,musically,
kokati,noun,KOKATI,music,
kokochia,noun,KOKO??,"patient, one who is a patient",
kokoyotli,noun,KOKOYO?I,mouse,
komachtl,noun,KOMA??,gourd,
komi,noun,KOMI,seven,
kon,prep.,KON,with,
kona,noun,KONA,nine,
kopeche',verb,KOPE?E',to push,
koqie',verb,KOQ?',to listen,
koqo,adj,KOQO,light,
kormikaka,noun,KORMIKAKA,pick (plectrum),
kotl,noun,KO?,tea,
kotlanqi,noun,KO?ANQI,"A grazer native to Zhdant, kept as cattle for meat, leather, and milk.",
Kotlia,adj,KO??,alive,
kotlio,noun,KO?IO,culture,
kotlochi,noun,KO?O?I,fungus,
kotozhe',verb,KOTO?E',to sit,
kozhaqi,"noun, adj",KO?AQI,yellow,
kozitl,noun,KOZI?,leaf,
kral ,noun,?AL,dart(s),
kraldieiaia,noun,?ALD???,Dart board,
kredl,noun,?E?,The kredl is an analogue of Terran cattle native to Zhdant.,
krile',verb,?ILE',to cry,
le,pronoun,LE,y'all,
leo,adj,LEO,your (many),
lianka,adj,L?NKA,angry,
Lienj,noun,L?NJ,wind,
Lienjshiaflaa,noun,L?NJ???AA,Class of 600-ton patrol corvettes.,
linalia,adj,LINAL?,tall,
machieli,noun,MA??LI,five,
machita,adj,MA?ITA,afraid,
machtlian,noun,MA???N,"school, college, institute",
maitli,noun,MAI?I,hand,
Makarin,noun,MAKARIN,A trading combine that operated in the trailing frontiers of the Zhodani Consulate between ƒ??2800 and ƒ??1800.,
makichoe',verb,MAKI?OE',to worry,
makmalitzl,noun,MAKMALITZL,fear,
makoe',verb,MAKOE',to assist or help,
malachta,adj,MALA?TA,"circular, round",
mali,noun,MALI,grass,
mankia,adj,MANK?,soft,
mantlach,noun,MAN?A?,ground,
mantlachjem,noun,MAN?A?JEM,ground car,
matlachienzatl,noun,MA?A??NZA?,"kilogram, abbreviated 'mchz'",
matlachten,noun,MA?A?TEN,eleven,
matlachtiachi,noun,MA?A?T??I,sixteen,
matlachtie',verb,MA?A?T?',to prosper,
matlakomi,noun,MA?AKOMI,seventeen,
matlakona,noun,MA?AKOMA,nineteen,
matlakue,noun,MA?AKOE,eighteen,
matlamachieli,noun,MA?AMA??LI,fifteen,
matlanachoie,noun,MA?ANA?O?,fourteen,
matla'omei,noun,MA?A'OMEI,twelve,
matlapa,noun,MA?APA,ten,
matlatyeii,noun,MA?ATYEII,thirteen,
matli,noun,MA?I,arm,
matselpachtan,noun,MA?ELPA?TAN,elbow,
mayakatl,noun,MA?KA?,mask,
mazhde',verb,MA?E',"to suppose, implies lack of certainty",
Meqlemianz,noun,MEQLEM?NZ,Consulate province which includes the Zhodani portions of Tsadra Eiaplial and Sidiadl sectors.,
merkede',verb,MERKEDE',"to have permission, to be allowed",
metzhi,noun,MET?I,thigh,
miche',verb,MI?E',to do (something),
michtia,adj,MI?T?,dead; a corpse,
minzchibo,noun,MINZ?IBO,"literally, ""sexy shoes""",
minzzhde,noun,MINZ?E,bra; lingerie,
miqane',verb,MIQANE',to move,
mitl,noun,MI?,north,
mitlatl,noun,MI?A?,north pole,
mitotle',verb,MI?O?',to dance,
mitotlpriaa,noun,MITO???A,dance hall/disco,
Mizh,noun,MI?,cloud,
mizhtloyo,noun,MI??OYO,pastry; donut,
miztlie',verb,MIZ??',to ride,
mo.li,noun,MOLI,"salsa, sauce",
mochite',verb,MO?IE',to read,
moyazhia,adj,MO???,"nauseous, ill",
nachchaadieiaia ,noun,NA??AAD???,Scoreboard,
nachoie,noun,NA?O?,four,
Nachostial,noun,NA?OST?L,Fourth Day,
nad,noun,-NAD,person who,
nakazna,noun,NAKAZNA,block; cube,
nal,prep.,NAL,across,
nam,noun,-NAM,spouse of,
namiqe',verb,NAMIQE',to meet,
nankole',verb,NANKOLE',"to respond, to answer",
-naz,suffix,-NAZ,blend or mixture,
ne.lo.ze',verb,NELOZE',to stir,
nechiatlo,noun,NE???O,Suit,
nemazdi,noun,NEMA?I,"activity, activities",
neme',verb,NEME',to be active,
Nenjchinzhe'driante,noun,NENJ?IN?E'??NTE,Highest honour bestowed by the Consulate on its citizens. Often translated into Anglic as the 'Consular Legion of Merit'.,
nenqie',verb,NENQ?',to have sex,
niechtik,"noun, adj",N??TIK,gray,
niedl,adj,N??,"for, in order to, for the purpose",
nienekitia,adj,N?NEKIT?,flirty,
niloze',verb,NILOZE',to talk,
Ninz,noun,NINZ,  An old and reliable class of 100-ton scout ships.,
nioatl,noun,NIOA?,root,
noetzhite',verb,NOET?ITE',to climb,
noql,noun,NO?,The noql is an amphibious crawler raised in dammed streams but is known to not be native to Zhdant.,
o.zha.ji.o,noun,O?AJIO,ingredients,
ob,adj,OB,"of, when used to express a general quanitity",
Obrefripl,noun,O?E?I?,Consulate province which contains the scattered worlds between the provinces of Iabrensh and Chtierabl.,
ok,prep.,OK,beside,
okotzi,noun,OKOTZI,fish,
okye,adj,OKYE,more,
ol,conj.,OL,"out of, when used in comparisons",
oliane',verb,OLIANE',to swim,
ololi,noun,OLOLI,ball; sphere,
omei,noun,OMEI,two,
omeimatli,noun,OMEIMA?I,twenty,
Omestial,noun,OMEST?L,Second Day,
omoche',verb,OMO?E',to pass (by),
oqik,,OQIK,while,
oshenzho,noun,O?EN?O,boots,
otlake',verb,O?AKE',to happen,
otlatl,noun,O?A?,road; highway,
otliadpanzhie ,noun,O??DPAN??,Zebra Crossing,
otre',verb,O?E',to be at peace,
oyanqe',verb,O?NQE',to travel,
oyanqre',verb,O?N?E',to go on a quest,
oyanqrnad,noun,O?N?NAD,traveller,
ozde',verb,OZDE',to go,
ozhda,adj,O?A,many,
Paipr,noun,P??,thaw ,
pakia,adj,PAK?,happy,
pale',verb,PALE',to greet,
pale ,noun,PALE,greetings,
palnad,noun,PALNAD,greeter,
pamantli,noun,PAMAN?I,floor,
pan,adj,PAN,"about, as in ""concerning""",
papaqe',verb,PAPAQE',"to enjoy, to like",
patla,adj,PA?A,strong,
patlani,noun,PA?ANI,number,
pazklie',verb,PAZ??',"to attempt, try",
pe',prep.,PE',from; away from,
pe`zhia,noun,PE??,origin,
pechtl,noun,PE??,rug,
pepetchtli,noun,PEPET??I,"a theatrical performance, an opera or play",
pepetli,verb,PEPE?I,to choose ,
petlandievl,noun,PETAND??,clairvoyance,
petlandrnad,noun,PETAN?NAD,a person trained in clairvoyance,
petzanili,noun,PETZANILI,mystery,
pili,noun,PILI,tongue,
pilotchil,noun,PILOT?IL,Crystal,
pipa,noun,PIPA,dragonfly,
pipatepoyotl,noun,PIPATEPOYO?,"ornithopter (literally, ""dragonfly machine"")",
pitlitzika,noun,PI?ITZIKA,knot,
plachapra,conj.,?A?A?A," 'xnor', both or all conditions are true or false",
plaz,conj.,?AZ," 'xor', or 'either one or the other but not both, used when there are several choices that cannot be simultaneously true",
pli,adj,?I,a few,
Pliantshotl,noun,??NT?O?,Pliebr's second satellite (orbit 1) in the Zhdant system.,
plibri,noun,?I?I,Eusocial terrestrial termite-like insects,
Pliebr,noun,???,Solitary K0V star that Zhdant orbits.,
pliebraits,noun,???AI?,"surise (literally, Pliebr's arrival)",
pliebrimani,noun,???IMANI,"sunset (literally, Pliebr's departure)",
po.poz.te.qe',verb,POPOZTEQE',to chop,
pochitli,noun,PO?I?I,tick,
pochqi,noun,PO?QI,Window,
pochqitiablnefa,noun,PO?QIT??NEFA,Window Box,
polote',verb,POLOTE',to lose (something),
potle',verb,PO?E',"to say, to utter a sound",
pra,conj.,?A," 'or', meaining either condition can be true",
pradievl,noun,?AD??,telekinesis,
pradrie',noun,?A??',to levitate; to move something telekinetically,
Pradrnad,noun,?A?NAD,one trained in telekinesis,
Pranatl,noun,?ANA?,   'aspirant'. Character with Social Standing of 11.,
Preblshienchiashav,noun,?E???N???AV,   'princely born'. Character with Social Standing of 15. Used as the name of a Zhodani attack speeder.,
Preql,noun,?E?,city,
Preqlianz,noun,?E??NZ,   'area'. Often translated in Anglic as provinces preqlianz are intermediate governments between the sector councils and the Qlomdlabr on Zhdant and are kept roughly equal in population.,
priaa,noun,PRIAA,a room,
Priantqlovr Drafr,noun,??NT?O? ?a?,   'military shipping'. Zhodani megacorporation responsible for interstellar transport and passenger service.,
pyale',verb,P?LE',to care for,
Qadre'idr,noun,QA?E'I?,   'forceful reach'. Name of a stellar main that extends from Kronor (0304 Tloql) to the spinward edge of Ziafrplians sector.,
qalotlak,noun,QALO?AK,raven; a raven-like creature native to Zhdant and having intelligence similar to the Terran analogue,
qaval,noun,QAVAL,Subsector (H) in Zhdant sector in which Zhdant (Zhdant 2719) is located. Often misspelled 'Gaval' by Imperials.,
qaz,noun,QAZ,"enforce, to enforce",
qente',verb,QENTE',to wear,
Qev`zdivr,noun,QEV?I?,"Jump drive, colloquially",
qich,adj,QI?,"enough, sufficient",
Qiets',verb,Q??',to be swift,
qietsa,adj,Q??A,swift,
qietsa el va,adj,Q??A EL VA,Faster than light (QEV),
Qietsfatli,noun,Q??FA?I,motorcycle,
Qiknavra,noun,QIKNA?A,The smaller of Zhdant's two continents. Used as the name for a modern class of Zhodani grav tank.,
Qiknavrats,noun,QIKNA?A?,The 'people of Qiknavra'. The Droyne/Chirper race that dominated Qiknavra during Zhodani pre-history until the Dzagtlas made them extinct.,
qiloe',verb,QILOE^,to paint,
Qiltik,"noun, adj",QILTIK,green,
qin,adj,QIN,"only, merely",
qina,adj,QINA,new,
qinqin,noun,QINQIN,a hum or buzz,
qinqine',verb,QINQINE',to hum,
qinqinkochini,noun,QINQINKO?INI,any of several species of avians analogous to terran hummingbirds,
qita,adj,QITA,wet,
Qlomdlabr,noun,?OM?A?,  The Supreme Council of the Zhodani Consulate the highest council in the Zhodani government which meets on Zhdant.,
Qlomdriant,noun,?OM??NT,   'ruling councillor'. Often used as a title for the supreme executive of a world.,
qlome',verb,?OME',to rule,
qoachalatl,noun,QOA?ALA?,roof,
qrazhe,noun,?A?E',noise,
qrazhe',verb,?A?E',to make noise,
qrazhi,noun,?A?I,noise,
rans,noun,RANS,hate,
rekr'jiapl,noun,RE?'J??,system plot,
rezche,noun,REZ?E,sign,
rianzitsench,noun,R?NZI?EN?,breakfast,
riashkiplstavle,noun,R??KI?STA?E,dishwasher,
riashzhdevrkafi,noun,R???E?KAFI,coffee maker,
rid,verb,RID,to sing,
rint,noun,RINT,rain,
rintakala,noun,RINTAKALA,puddle,
rintchakia,noun,RINT?AK?,raincoat,
rintchima,noun,RINT?IMA,umbrella,
rintzitlobejiebl ,noun,RINTZI?OBEJ??,Herb Garden (hydroponic herb garden),
riqra,noun,RI?A,General term for various species of bee-like pollinators,
rotletsatl,noun,ROTLE?A?,   'journey'. Official name for the First Core Expedition.,
sarkikashia,adj,SARKIKA??,extinct,
se,pronoun,SE,"he, she, or it",
sejd,,SEJD,east,
seo,adj,SEO,"his, hers, or its",
seql,,SE?,until,
setse,adj,SE?E,"sweet, as in well mannered",
Shianjo,noun,??NJO,good journey'. An 800-ton liner used in the core regions of the Consulate.,
shidr,noun,?I?,One of six Zhodani seasons containing 40 zhdanstial equivalent to 45 standard days.,
shinsivreb merjodl zaflia,noun,?INSI?EB MERJO? ZA??,fusion power plant,
shinsivreb pi'radefl,noun,?INSI?EB PI'RADE?,fuel scoop,
shinsivreb shiafl,noun,?INSI?EB ???,hydrogen fuel lines,
shiv,noun,?IV,moon. Used generically for any moon as opposed to Viepchakl Zhdant's moon.,
Shivva,noun,?IVVA,   'moonlight'. Name of a class of 600-ton patrol frigates.,
Shivvajdatl,noun,?IVVAJDA?,   'mountains of moonlight'. A dominant mountain range on the continent of Qiknavra on Zhdant.,
shont,noun,?ONT,"stool, seat",
shranj,noun,?RANJ,cabinet,
shtadievl,noun,?TAD??,telepathy,
shtadrnad,noun,?TA?NAD,a person trained in telepathy,
shtak,noun,?TAK,"Eusocial, terrestrial insects analogous to ants",
shti,conj.,?TI," 'not', implying that either an expression is false or a comparision is false (as in A but not B)",
shtiaqe',verb,?T?QE',to study,
shtiave' ,verb,?T?VE',to think,
shtiavkatlatl,noun,?T?VKA?A?,"psychic residue; literally, ""thought excrement""",
shtiavl,noun,?T??,chill,
shtiavl.e',verb,?T??E',"to chill, to refrigerate",
shtiavldrekr,noun,?T???E?,psychologist,
shtiazani,noun,?T?ZANI,Luggage,
shtiefrabr,noun,?T??A?,father,
shtiefri,noun,?T??I,man,
shtiefrnam,noun,?T??NAM,husband,
Shtochiadr,noun,?TO???,  Consulate province which includes ltvikiastaf sector and the Zhodani portion of Tlabrieish sector.,
shtol ,noun,?TOL,hat,
shtolechiej,noun,?TOLE??J,helmet,
skrt,noun,SK?T,superdense hull plating material,
sta,noun,STA,saucer or plate,
stao,noun,STAO,plates,
stebre,verb,STE?E',to be superior,
Stedlas,noun,STE?AS,  Name of a common class of 400-ton system defence boat.,
stial,noun,ST?L,day,
stialchali,noun,ST?L?ALI,"noon, midday",
stiljodl,noun,STILJO?,floor panel,
taj,prep.,TAJ,"from, out of",
tako,noun,TAKO,a food item introduced by Solomani visitors and traditionally eaten on Fourth Day,
tamake',verb,TAMAKE',to give,
Tanzhrtl Zofrtia,noun,TAN??? ZO?T?,  Zhodani megacorporation known for the design and manufacture of civilian starships.,
tatlane',verb,TA?ANE',"to inquire, to ask (a question)",
tavr,noun,TA?,morality,
Tavrchedl',noun,TA??E?',   'thought police' the organisation that combines law enforcement and mental health care in Zhodani society.,
Tavrian,noun,TA??N,  The 'universal energy field' from which Tavrziansh teaches all spirits come.,
Tavriansh,noun,TA??N?,   'morality's path' the state supported philosophy taught across the Consulate.,
te.che',verb,TE?E',to cover or coat,
techtotik,"noun, adj",TE?TOTIK,blue,
-tek,adj,-TEK,indicates a thing made from the root word,
tekoyotikia,adj,TEKOYOTIK?,"hollow, blank, expressionless",
tel,adv,TEL,"shall, should",
teme',verb,TEME',to seek,
tepan,noun,TEPAN,wall,
tepek,noun,TEPEK,park,
tepetzololi,noun,TEPETZOLOLI,disco ball,
tepozhachtio,noun,TEPO?A?TIO,Bicycle,
tepozhotlik,"noun, adj",TEPO?O?IK,gold,
tete ,noun,TETE,towel,
teyo,noun,TEYO,night,
teyoali,noun,TEYOALI,nighttime,
teyochali,noun,TEYO?ALI,midnight,
teyopalanad,noun,TEYOPALANAD,greeter; night-time greeter,
teyopale,noun,TEYOPALE,good night,
tezhokoqi,verb,TE?OKOQI,"to pick, as in fruit",
Tezie,noun,TEZ?,mallet,
tezintli,noun,TEZIN?I,fire,
teztli,noun,TEZ?I,glass,
teztlio,noun,TEZ?I,"slang for ""eyeglasses""",
Thequzastial,noun,TEQOZAST?L,   'olympiad day' which is a special holiday inserted between Atshtiavl and Atpaipr every third year.,
Thequzdievl,noun,TEQO???,  The Psionic Games.,
thequzdij,noun,TEQO?IJ,An olympiad or cycle of three Zhodani years containing 733 zhdanstial equivalent to 825.2 standard days. Every third thequzdij has an additional zhdanstial.,
tianchtizhie,noun,T?N?TI??,Marketplace,
tie',verb,T?',to throw,
tiech,adj,T??,before,
tiepozhuchayazhie,noun,T?PO?O?A???,Balcony,
tieptlizhdrej,noun,T?PTLI?REJ,workstation,
tiezhotli,noun,T??O?I,ceiling,
tikia,adj,TIK?,"small, tiny",
tikizin,noun,TIKIZIN,"infant, small child",
tila,noun,TILA,change,
Tiliatl,noun,TILIA?,"Master of the Change, a Tliaqrnad who oversees adoptions",
tilie',verb,TILIE',to change,
tilma,noun,TILMA,clothing,
tilmachoyan,noun,TILMA?O?N,Clothing shop,
tilmachtli,noun,TILMA?TI,clothing rack,
tilmanamachad,noun,TILMANAMA?NAD,one who sells clothing,
timane',verb,TIMANE',to depart,
tlacha,noun,?A?A,afternoon,
tlachaka,noun,?A?AKA,desert,
tlachali,noun,?A?ALI,noon,
tlachipale,noun,?A?IPALE,good afternoon,
tlachtamotia,adj,?A?TAMOT?,confident,
tlakentie',verb,?AKENT?',to amuse,
tlakia,adj,?AK?,sad,
tlakole',verb,?AKOLE',to eat,
tlakopoye,noun,?AKOPOYE,body parts (parts of the body),
tlakote',verb,?AKOTE',to press,
tlakoti,noun,?AKOTI,pressure,
tlakoyedievl,noun,?AKOYED??,awareness,
tlakoyedrnad,noun,?AKOYE?NAD,a person trained in awareness,
tlaletia,adj,?ALETIA,disgusted,
tlalotzilia,adj,?ALOTZILIA,abandoned,
tlamachte',verb,?AMA?TE',to teach,
tlamachti,noun,?AMA?TI,lesson,
tlamachtrnad,noun,?AMA?T?NAD,"teacher, instructor",
tlamatqinad,noun,?AMATQINAD,"doctor, physician",
tlanchoatli,noun,?AN?OATLI,knee,
tlane',verb,?ANE',to transmit a message,
tlanqil,noun,?ANQIL,letter,
tlanshia,noun,?AN??,"poster, picture, wall decoration",
tlapae',verb,?APAE',to drink,
tlapaka,noun,?APAKA,a fragment or piece,
tlapkalanch,noun,?APKALAN?,picnic,
Tlapralio,"noun, adj",?APR?TL,The Colors,
-tlas,,-?AS,superlative suffix,
tlateme',verb,?ATEME',"to feed, to give food to",
tlatemo,verb,?ATEMO,food,
tlatkral,noun,?ATK?TL,Wet Bar,
Tlatl,noun,?A?,throwing blade'. Name of a 10-ton light anti-shipping missile fighter.,
tlatlicotlia,noun,?ATLICOTLIA,bartender,
tlatlie,noun,?ATL?TL,spirits; liquor,
tlatlzhiaii,noun,?ATL?TL,missile turret,
tlatso,noun,?A?O,evening,
tlatsopale,noun,?ATS?TL,good evening,
tlatze',verb,?ATZE',to begin,
tlayeia,adj,?AAYEIA,fierce,
Tlayotekoyandievl,noun,?AY,The Psionic Testing Center,
tlazhdaletlatik,"noun, adj",?A?ALE?ATIK,pink,
tlazhdoyo,"noun, adj",?A?OYO,red,
tlazhotzonl'atl,noun,?A?OTZONL'A?,"disc jockey (lit. ""music master"")",
tlazhoyeia,adj,?A?OYE?,enraged,
tlazotlie',verb,?AZO??',to adjust,
tlaztle',verb,?AZ?E',to call out (to someone),
tlechdetsench,noun,?E?DE?EN?,eating utensils/chopsticks,
tledpria,noun,?EDPRIA,pillow,
tlekoni,noun,?EKONI,animal,
tlepaa,noun,?EPAA,bar ,
tlepiko,adj,?EPIKO,bereft,
tletl,verb,?E?,to be silent,
Tletlkizhia,noun,?E?KI??,Name of a class of 600-ton escort.,
Tlevl,noun,?E?,   'cruiser'. ,
tliaqre',verb,???E',to grind grain,
Tliaqrnad,noun,???NAD,   'one who grinds grain'. Often translated to Anglic as 'miller'. A common prole family name.,
Tliazhashal,noun,???A?AL,  This Zhodani megacorporation is the Consulate's largest defence contractor and major military starship builder.,
tlikletl,noun,?I?E?,cape,
tlizhdrej,noun,?I??EJ,console,
tlo,prep.,?O,through (preposition),
tloe' ,verb,?OE',to run,
Tlorafrvile,noun,?ORA?VILE,   'returning journey'. Official name for the Second Core Expedition.,
tlotani,noun,?OTANI,"a letter, as in a symbol corresponding to a phoneme",
tlotanitl,noun,?OTANI?,an alphabet (a collection of letters),
tochinqoa,noun,TO?INQOA,"a creature resembling a six-legged rabbit, but with the temperament of an African honey badger.",
tokpa,adj,TOKPA,"well, healthy",
Toliak,noun,TOLIAK,  An Ancient artefact which projected a three dimensional starmap of space between Zhdant and the galactic core.,
tompaki,noun,TOMPAKI,moss,
tonachazh,noun,TONA?AN?,ear,
topan,noun,TOPAN,zero (number),
topaztli,noun,TOPAZ?I,fern,
topka,adj,TOPKA,healthy,
topke',verb,TOPKE',to be well,
topki,noun,TOPKI,health ,
totome',verb,TOTOME',to come,
toyak,noun,TO?K,river,
toyonema,adj,TOYONEMA,nocturnal,
Tozjabr,noun,TOZJA?,   'the eye and the hand' The Consulate's primary intelligence and covert operations agency.,
tsadlochib,noun,?ADL?TS,"gauntlets, gloves",
Tsazhdachalanad,noun,?A?DA?ALANAD,"Musician; ""street performer""",
Tsiaqr,noun,???,asteroid,
tsipitl,noun,?IPI?,navel,
tsonkali,noun,?ONKALI,hair,
tyeii,noun,TYEII,three,
Tyestial,noun,TYEST?L,Third Day,
Vae',verb,VAE',   'to shine'. Often used as a suffix to modify other words.,
vaqietskatl,noun,VAQIETSKATL,lightning,
vatldrik,noun,VATLD?VA,Iris Valve,
vavielachte ,noun,VAVIELA?TE,trousers,
Vazhiaii,noun,VA?I?VA,laser turret,
ve,noun,VE,you,
vel,prep.,VEL,behind,
veo,adj,VEO,your (singular),
Vestabl-Makarin,noun,VESTA?-MAKAREN,Zhodani megacorporation involved in interface trade with the Vargr Extents.,
vevl,noun,VE?,a ship,
Vevlfiar,noun,VEVLF?VE,ship's boat,
Viaj,noun,V?J,yes or truth,
vidle',verb,VI?E',to live,
Viepchakl,noun,V?P?A?,  Single natural satellite of Zhdant.,
Viepchakliashtie,noun,V?P?A???T?,   'moon-worshipping' as from the Viepchakliashtie Empire.,
Viepchaklpreql,noun,V?P?A??E?,  The Ancient city built on Viepchakl and destroyed in the Final War.,
Viepchaklstial,noun,V?P?A?ST?L,   'moonday' a festival of wild abandon held between Atrint and Vrienstial.,
Viepchaklts,noun,V?P?A??,   'people of Viepchakl'. The Droyne/Chirper race which lived on Viepchakl until the Dzagtlas made them extinct.,
Viestlas,noun,V?S?AS,   'highborn'. Character with Social Standing of 13.,
Vik,noun,VIK,"System (Vlezhd iazh Kitlali, abbreviated VIK)",
Vlanchiets Qlom,noun,?AN??? ?OM,  Consulate province which encompasses all Zhodani claimed territory coreward of Chtierabl province.,
Vlastchedl',noun,?AST?E?',   'superior guardians'. Official name for the psionically powerful religious oligarchy on Batlpat (1326 Ziafrplians).,
Vlastebr,noun,?ASTE?,   'superior' from Homo vlastebr 'superior man'.,
Vlastiansh,noun,?AST?N?,   'superior path'. Official name for the philosophy followed by the religious dictatorship on Batlpat (1326 Ziafrplians).,
vlezhd,noun,?E?,star,
Vlezhd`edl,noun,?E?E?,Constellation (?Star group?),
Vlezhd`ivr,noun,?E?I?,Sector (?Star Region?),
Vlezhdúivr`aúji,noun,?E?I?AJI,Subsector,
Vlezhdatl,noun,?E?A?,   'star lord'. Name of a class of 2000-ton frontier cruisers.,
Vlezhdets,noun,?E?E?,   'star prince'. A 30-ton medium fighter carried aboard Vlezhdatl-class frontier cruisers.,
Vlezhdizdivr,noun,?E?IZDI?,Jump Drive,
Vlezhd'jiapl,noun,?E?'J??,star chart,
vlezhdjiaplebat,noun,?E?J??EBAT,astrogation dome,
vlezhdjiapljdivrnad,noun,?E?J??JDI?NAD,Navigator (star path finder),
vlezhdvevl,noun,?E?VE?,starship,
vlezhdvevlatl,noun,?E?VE?A?,Captain (starship lord),
Vlezhdvevldizhdiepriaa,noun,?E?VE?DI?D???A,"bridge, flight deck, or CIC, usually abbreviated VVP",
vlezhdvevlsteprnad,noun,?E?VE?STE?NAD,Pilot (starship guide),
Vlezhdvevlzdedrai,noun,?E?VE??E??,Spaceport,
Vlezjaq,noun,?EZJAQ,A winged predator native to Dleqiats' eastern desert on Zhdant which vaguely resembles a cross between a Terran bat and a scorpion.,
vri,adj,?I,too much,
Vrien,"noun, adj",VR?N,"hot, heat",
vrienia,adj,VR?N?,hot,
vriennefa,noun,VR?NNEFA,oven,
Vrienstial,"noun, adj",VR?NST?L,Summer,
ya.ya.me',verb,YAYAME',to slice,
ye,noun,YE,they,
yeo,adj,YEO,"their, theirs",
yetsasl,noun,YETSASL,A racing beast from Zhdant.,
yia`pla?tik ,adj,Y??ATIK,brown,
yolitle',verb,VYOLI?E',to have the opportunity,
Yonchobo,noun,YON?OBO,  A slow but reliable draft animal from Zhdant that has adapted well on many worlds in the Consulate.,
-yotl,noun,YO?,indicates a transportation machine ,
yzqe' ,verb,YZQE',"to behold, look at, observe",
zan,adj,ZAN,later,
zana,adj,ZANA,old ,
zanen,noun,ZANEN,a pen or other writing implement,
zar,noun,ZAR,trek,
zare',verb,ZARE',to go on a trek; to travel (implies great distance and/or risk),
zatl,noun,ZA?,"gram (equivalent), abbreviated 'z'",
zatlzatl,noun,ZA?ZA?,"milliliter (equivalent), abbreviated 'zzl'",
zayoli,noun,ZAYOLI,insect,
zazala,noun,ZAZALA,patch,
zazale',verb,ZAZALE',to patch,
zazani,noun,ZAZANI,a story or tale,
Zdadziare,noun,?ADZ?RE,Intercom,
zdazh,adj,?A?,starboard (the right side of the ship as seen facing forward),
Zdebr,noun,?E?,  A common 400-ton trader.,
zdedladi,noun,?E?ADI,mirror,
zdedraiatl,noun,?E?A??,Port Official,
Zdetl,noun,?E?,Standardised language used throughout the Zhodani Consulate.,
zdev,noun,?EV,"meter, a unit of measurement",
Zdivr,noun,?I?,Engine,
Zdivrpria,noun,?I???,Engine room,
ze,noun,ZE,"I, me",
ze.te',verb,ZETE',to add,
zeo,adj,ZEO,"mine, my",
zha,adj,?A,now,
Zhant'ad,noun,?ANT'AD,proles,
zhats,noun,?A?,thought,
Zhazh,noun,?A?,?Starboard?,
Zhdanstial,noun,?ANST?L,"A day, usually on Zhdant, but applied generically to any solar day",
Zhdant,noun,?ANT,Zhodani homeworld in Pliebr's second orbit and also the sector in which the Zhodani homeworld is located.,
Zhdantpreql,noun,?ANT?E?,The Ancient city built on the Qiknavra continent and destroyed during the Final War.,
Zhdanzhdanstial,noun,?AN?ANST?L,Refers to any of the six Zhodani holidays.,
Zhdatl,noun,?A?,learning,
zhdatle',verb,?A?E',to learn,
zhdatlrnad,noun,?A?RNAD,a student or learner,
zhdavadievl,noun,?AVAD??,precognition,
zhdavrnad,noun,?AVA?NAD,a person trained in precognition,
zhdazhe',verb,?A?E',to catch,
Zhdeshtede,noun,?E?TEDE,consularists'. Official name for the Sixth Core Expedition.,
Zhdiblivlits,noun,?I?I?I?,Final conquest of the frontier'. Official name for the Fourth Core Expedition.,
zhdiech,noun,???,tree,
zhdiechedl,noun,???E?,forest,
zhdiechedlchima,noun,???E??IMA,forest canopy layer,
zhdiechedlkochal,noun,???E?KO?AL,forest floor,
zhdiecheldchali,noun,???E??ALI,forest understory between the floor and canopy,
zhdiechtlas,noun,????AS,topmost layer of the forest,
zhdipali,noun,?IPALI,mouth; lips,
Zhdits,noun,?I?,Name of a relatively unsuccessful class of 400-ton destroyer escorts.,
Zhdivrzdanjatl,noun,?I??ANJA?,chief engineer,
Zhdivrzdanjnad,noun,?I??ANJNAD,engineer,
zhdonzhabe,noun,?ON?ABE,Passengers,
zhdoq,noun,?OQ,Scavenger and reducer insects that fill the same niche as cockroaches and scarab beetles,
zhdotlas,adj,?O?AS,"supreme, as in Homo Zhdotlas, ""supreme man""",
zhedadenzh,noun,?EDADEN?,cheese,
zhenj,noun,?ENJ,"shirt, uniform shirt",
zheplatlika,adj,?EPA?IKA,stuck,
zhi',prep.,?I',to; indicates movement toward,
zhin,prep.,?IN,above,
zhinqetse',verb,?INQETSE',to ascend,
Zhobrdievl,noun,?O?D??,raised to nobility'. All characters with a Social Standing of 11 or higher; Nobles.,
Zhobrtlasche',noun,?O??AS?E',noble born'. Character with Social Standing of 14.,
zhochtli,noun,?O??I,garden,
Zhodanizar,noun,?ODANIZAR,Zhodani trek'. Official name for the Seventh Core Expedition.,
zholnad,noun,?OLNAD,Server,
ziatl,noun,ZIA?,Table,
ziefrabnenqinad,noun,Z??ABNENQINAD,"an archaic term used to describe one who has incestuous sexual relations; literally ""motherfucker"".",
ziefrabr,noun,Z??A?,mother,
ziefri,noun,Z??I,woman,
ziefrnam,noun,Z??NAM,wife,
Ziepr.icht.i.o.zhi,noun,Z??I?TIO?I,Orbit,
ziepre,noun,Z??E,circle,
zieprnal,noun,Z??NAL,diameter,
zin,noun,*ZIN,child of,
zintla,prep.,ZIN?A,below,
Zjipyli,noun,ZJIPYLI,A small animal native to Zhdant with the ability to change its colour and to some extent its shape,
zo.yon.e',verb,ZOYONE',to fry,
zo.yonch.to.i,noun,ZOYON?TOI,frying pan,
zoche',verb,ZO?',to display,
zokatli,noun,ZOKA?I,flower,
zolpli,noun,ZOL?I,blanket,
zotl,adj,ZO?,dry,
